INSERT INTO Utilisateur (nom, prenom, email, telephone, adresse, date_inscription, type_utilisateur) VALUES
('Formoy', 'Hermann', 'hformoy0@princeton.edu', '+33 415 619 5337', '2241 Crescent Oaks Way', '2025-05-27', 'annonceur'),
('Mole', 'Breena', 'bmole1@taobao.com', '+86 205 835 1471', '245 Transport Junction', '2026-01-15', 'annonceur'),
('MacGillespie', 'Patrizius', 'pmacgillespie2@weibo.com', '+63 435 789 5042', '46258 Londonderry Center', '2026-01-10', 'expert'),
('Stephen', 'Konstantin', 'kstephen3@cafepress.com', '+380 314 151 1188', '385 Schurz Crossing', '2025-09-14', 'acheteur'),
('Gabe', 'Kev', 'kgabe4@usatoday.com', '+62 204 538 2173', '1233 Declaration Avenue', '2026-01-27', 'annonceur'),
('Saltman', 'Brendon', 'bsaltman5@imgur.com', '+86 601 311 2913', '70746 Oriole Court', '2026-03-25', 'annonceur'),
('Scartifield', 'Kerianne', 'kscartifield6@reuters.com', '+62 364 466 8455', '40568 Tomscot Avenue', '2025-06-25', 'expert'),
('Greystock', 'Drusy', 'dgreystock7@posterous.com', '+46 895 799 8469', '3 Autumn Leaf Parkway', '2025-11-26', 'expert'),
('Giottoi', 'Consuelo', 'cgiottoi8@prlog.org', '+1 435 411 4874', '959 Union Street', '2026-03-09', 'annonceur'),
('Graysmark', 'Eldin', 'egraysmark9@theguardian.com', '+48 316 345 2292', '17 Autumn Leaf Circle', '2025-08-17', 'expert'),
('Hesey', 'Ferdy', 'fheseya@icq.com', '+62 618 274 5953', '5 Springs Road', '2025-08-15', 'acheteur'),
('Davidwitz', 'Sayre', 'sdavidwitzb@sfgate.com', '+62 922 977 1451', '483 Scoville Center', '2025-07-13', 'expert'),
('Spellworth', 'Wynnie', 'wspellworthc@blogtalkradio.com', '+7 879 831 5996', '8 Jackson Court', '2026-03-02', 'expert'),
('Nutbeam', 'Sauveur', 'snutbeamd@canalblog.com', '+62 807 637 9189', '0767 Dryden Point', '2026-02-20', 'acheteur'),
('Brou', 'Gearard', 'gbroue@globo.com', '+86 326 601 4742', '7247 Annamark Court', '2025-12-30', 'acheteur'),
('Kitchingman', 'Freddie', 'fkitchingmanf@amazon.de', '+7 986 673 0905', '80 Cottonwood Street', '2025-07-06', 'expert'),
('Hatherill', 'Elmer', 'ehatherillg@jiathis.com', '+48 608 253 9549', '40 Charing Cross Place', '2026-03-27', 'acheteur'),
('Ossipenko', 'Gerti', 'gossipenkoh@goo.gl', '+33 997 966 8079', '809 International Pass', '2025-07-26', 'expert'),
('Rippin', 'Nathalia', 'nrippini@admin.ch', '+86 753 195 4352', '89502 Weeping Birch Trail', '2025-12-02', 'acheteur'),
('Sofe', 'Steffen', 'ssofej@spotify.com', '+357 730 727 0286', '2820 Lunder Way', '2025-05-01', 'acheteur'),
('Payn', 'Vasili', 'vpaynk@independent.co.uk', '+380 296 228 6233', '3 Blaine Lane', '2026-04-13', 'acheteur'),
('Santon', 'Tasha', 'tsantonl@cocolog-nifty.com', '+58 469 573 7169', '06 Milwaukee Place', '2025-04-19', 'acheteur'),
('Beet', 'Berkie', 'bbeetm@google.ru', '+63 965 364 2850', '8950 East Hill', '2025-09-10', 'annonceur'),
('Seamons', 'Joelly', 'jseamonsn@washingtonpost.com', '+62 718 973 1236', '6 Banding Point', '2025-11-24', 'expert'),
('Reinger', 'Niels', 'nreingero@joomla.org', '+63 147 851 1188', '75 Merry Circle', '2026-02-24', 'expert'),
('Teggin', 'Lee', 'ltegginp@ibm.com', '+86 564 377 8520', '8 Dovetail Street', '2026-03-01', 'annonceur'),
('McGrirl', 'Carlin', 'cmcgrirlq@goo.ne.jp', '+63 227 586 4776', '64973 Del Sol Terrace', '2025-12-19', 'annonceur'),
('Castanone', 'Dotty', 'dcastanoner@weibo.com', '+351 153 413 3947', '08698 Cordelia Terrace', '2025-07-06', 'expert'),
('Rebbeck', 'Keith', 'krebbecks@symantec.com', '+62 388 450 1963', '92788 Bayside Parkway', '2025-09-24', 'annonceur'),
('Edens', 'Norrie', 'nedenst@reuters.com', '+55 395 867 4360', '93 Dakota Street', '2026-01-21', 'acheteur'),
('Dicey', 'Eloise', 'ediceyu@linkedin.com', '+86 210 373 5584', '7690 Farragut Lane', '2025-06-06', 'expert'),
('Harbach', 'Loralee', 'lharbachv@springer.com', '+95 567 106 9525', '0846 Riverside Parkway', '2025-11-03', 'expert'),
('Karpushkin', 'Cathleen', 'ckarpushkinw@craigslist.org', '+63 901 177 6215', '843 Butterfield Point', '2025-12-20', 'expert'),
('Paszak', 'Maighdiln', 'mpaszakx@ucoz.ru', '+48 583 425 2899', '78 International Alley', '2025-08-15', 'annonceur'),
('Hosby', 'Bernadina', 'bhosbyy@g.co', '+62 697 115 7591', '48 Oak Crossing', '2025-11-01', 'expert'),
('Bartoshevich', 'Gustavus', 'gbartoshevichz@zimbio.com', '+351 496 768 9252', '36521 Dexter Street', '2025-08-27', 'acheteur'),
('Heningam', 'Ernie', 'eheningam10@cdc.gov', '+55 294 347 4000', '7 7th Way', '2025-10-12', 'expert'),
('Lehmann', 'Say', 'slehmann11@slate.com', '+86 480 898 8994', '33 Northport Drive', '2026-01-29', 'acheteur'),
('Brunner', 'Katherine', 'kbrunner12@ed.gov', '+62 658 354 2023', '5 Pankratz Way', '2025-09-21', 'annonceur'),
('Dober', 'Diarmid', 'ddober13@a8.net', '+86 775 418 0076', '89 Gateway Road', '2026-03-23', 'expert'),
('Churms', 'Margarette', 'mchurms14@salon.com', '+225 403 192 0992', '140 Basil Center', '2025-11-07', 'annonceur'),
('Chaundy', 'Durante', 'dchaundy15@netvibes.com', '+62 376 650 8139', '58 High Crossing Center', '2025-06-10', 'expert'),
('Peltz', 'Andeee', 'apeltz16@typepad.com', '+880 127 256 4481', '2 Rusk Point', '2026-01-24', 'acheteur'),
('Van Weedenburg', 'Tracie', 'tvanweedenburg17@aol.com', '+62 353 246 0722', '88889 Bay Junction', '2026-02-06', 'annonceur'),
('Gostyke', 'Linc', 'lgostyke18@feedburner.com', '+351 628 467 8158', '674 Porter Court', '2026-03-28', 'acheteur'),
('Sains', 'Murdoch', 'msains19@buzzfeed.com', '+351 194 551 2957', '7 Almo Crossing', '2025-05-05', 'expert'),
('Kinder', 'Melony', 'mkinder1a@engadget.com', '+994 851 943 1309', '2958 Tony Hill', '2025-06-07', 'expert'),
('Jojic', 'Tabb', 'tjojic1b@google.com.au', '+86 215 486 6646', '6844 Eliot Alley', '2025-12-05', 'acheteur'),
('Farreil', 'Hans', 'hfarreil1c@creativecommons.org', '+63 107 850 9496', '934 Spohn Hill', '2025-04-26', 'acheteur'),
('Humbee', 'Quentin', 'qhumbee1d@discuz.net', '+46 434 625 1579', '82 Jana Drive', '2025-11-04', 'expert'),
('Pleasaunce', 'Corrie', 'cpleasaunce1e@theguardian.com', '+253 893 520 6775', '5 Hansons Lane', '2025-12-04', 'annonceur'),
('Rhoddie', 'Uriel', 'urhoddie1f@angelfire.com', '+55 568 629 0949', '85594 Chinook Alley', '2026-01-10', 'expert'),
('Mundee', 'Marietta', 'mmundee1g@mediafire.com', '+1 863 275 5477', '24 Southridge Center', '2026-02-07', 'acheteur'),
('Sutterfield', 'Cayla', 'csutterfield1h@nps.gov', '+994 349 921 6205', '56 Luster Park', '2025-11-21', 'annonceur'),
('Harrismith', 'Bendick', 'bharrismith1i@quantcast.com', '+86 561 227 8617', '9836 Gerald Street', '2025-06-09', 'annonceur'),
('Raffels', 'Gerta', 'graffels1j@bing.com', '+351 911 459 1596', '88 Cottonwood Plaza', '2025-12-01', 'annonceur'),
('Pulhoster', 'Ron', 'rpulhoster1k@woothemes.com', '+81 267 563 6221', '2 Spenser Road', '2025-11-28', 'expert'),
('Scripture', 'Renaldo', 'rscripture1l@telegraph.co.uk', '+51 271 393 2715', '119 Knutson Trail', '2025-07-24', 'annonceur'),
('McRobert', 'Batholomew', 'bmcrobert1m@miibeian.gov.cn', '+86 339 362 5747', '3684 Eastwood Way', '2026-03-27', 'expert'),
('Drennan', 'Rudd', 'rdrennan1n@de.vu', '+1 515 458 4634', '022 Claremont Place', '2025-08-04', 'expert'),
('Niesegen', 'Artur', 'aniesegen1o@topsy.com', '+63 215 433 9901', '3651 Park Meadow Circle', '2026-03-21', 'expert'),
('Hubbard', 'Alasdair', 'ahubbard1p@opera.com', '+45 118 250 3379', '6 Sunfield Drive', '2026-01-17', 'acheteur'),
('Collimore', 'Nikoletta', 'ncollimore1q@t-online.de', '+7 970 682 7133', '397 Forster Place', '2025-09-15', 'expert'),
('Sherlock', 'Gianni', 'gsherlock1r@e-recht24.de', '+86 350 106 3372', '80 Almo Plaza', '2025-04-27', 'expert'),
('Cockerton', 'Tedi', 'tcockerton1s@usgs.gov', '+63 175 116 9435', '0563 Steensland Trail', '2025-11-20', 'acheteur'),
('Woodhams', 'Darcy', 'dwoodhams1t@homestead.com', '+58 844 200 3665', '91 Sherman Trail', '2025-10-16', 'expert'),
('Kindle', 'Aurelia', 'akindle1u@buzzfeed.com', '+63 937 957 9137', '2961 Warner Circle', '2026-02-20', 'annonceur'),
('Reilinger', 'Maye', 'mreilinger1v@moonfruit.com', '+86 831 639 9986', '7308 Miller Drive', '2026-03-30', 'annonceur'),
('Marchenko', 'Correna', 'cmarchenko1w@hibu.com', '+48 787 145 3195', '858 Riverside Terrace', '2025-07-31', 'annonceur'),
('Flament', 'Martie', 'mflament1x@cocolog-nifty.com', '+30 201 261 3106', '75915 Goodland Park', '2025-04-30', 'annonceur'),
('Cabane', 'Fannie', 'fcabane1y@epa.gov', '+420 981 394 1897', '42 Nancy Crossing', '2025-08-22', 'acheteur'),
('Brims', 'Franni', 'fbrims1z@multiply.com', '+62 957 565 6092', '4 Maryland Drive', '2025-12-29', 'acheteur'),
('Fackrell', 'Alain', 'afackrell20@barnesandnoble.com', '+505 434 375 4207', '3937 Fieldstone Pass', '2025-06-26', 'acheteur'),
('Knuckles', 'Theo', 'tknuckles21@smugmug.com', '+380 523 837 3141', '016 Fisk Point', '2026-04-12', 'expert'),
('Gowrich', 'Jarvis', 'jgowrich22@twitter.com', '+52 656 895 3277', '93568 Carberry Park', '2025-08-18', 'expert'),
('Pain', 'Tabor', 'tpain23@intel.com', '+94 269 879 8867', '2 Drewry Trail', '2025-09-21', 'acheteur'),
('MacGaughey', 'Tabitha', 'tmacgaughey24@census.gov', '+993 174 234 8072', '57920 Lawn Park', '2025-11-29', 'annonceur'),
('Tassaker', 'Mata', 'mtassaker25@odnoklassniki.ru', '+1 614 455 0400', '7 Armistice Way', '2025-05-10', 'expert'),
('Scobie', 'Leigha', 'lscobie26@marriott.com', '+389 353 722 9907', '296 4th Junction', '2025-08-08', 'annonceur'),
('Prettejohns', 'Kamillah', 'kprettejohns27@ustream.tv', '+86 615 766 0013', '1 Dapin Street', '2025-08-21', 'expert'),
('Banke', 'Khalil', 'kbanke28@google.com.au', '+1 410 158 2496', '42 Derek Trail', '2026-01-16', 'acheteur'),
('Menico', 'Ray', 'rmenico29@mediafire.com', '+86 529 140 3632', '809 Reinke Parkway', '2026-04-03', 'expert'),
('Haire', 'Flinn', 'fhaire2a@ox.ac.uk', '+62 551 700 4948', '60 Forest Parkway', '2025-07-18', 'annonceur'),
('Smallpeace', 'Hillard', 'hsmallpeace2b@uol.com.br', '+249 593 999 8678', '4 Moose Court', '2025-07-14', 'expert'),
('Weekes', 'Cornall', 'cweekes2c@upenn.edu', '+56 625 320 2940', '03322 Homewood Terrace', '2026-01-26', 'annonceur');


INSERT INTO Categorie (nom, description) VALUES
('Telephones intelligents','Smartphones neufs et usages, avec ou sans accessoires'),
('Tablettes','Tablettes numeriques pour usage personnel, scolaire ou professionnel'),
('Ordinateurs portables','PC portables et ultrabooks pour travail, etudes ou loisirs'),
('Ordinateurs de bureau','Ordinateurs fixes, tours, mini-PC et stations de travail'),
('Ecrans et moniteurs','Moniteurs pour bureau, gaming ou usage professionnel'),
('Composants informatiques','Pieces de PC comme processeurs, cartes meres, RAM et SSD'),
('Peripheriques informatiques','Claviers, souris, webcams, imprimantes et accessoires USB'),
('Consoles de jeux video','Consoles de salon et portables, recentes ou retro'),
('Jeux video','Jeux sur disque, cartouche ou en edition collection'),
('Accessoires gaming','Manettes, casques, volants, supports et accessoires pour jeux'),
('Televisions','Televiseurs LED, OLED, QLED et Smart TV'),
('Audio et haut-parleurs','Enceintes, barres de son, systemes audio domestiques'),
('Ecouteurs et casques audio','Casques sans fil, ecouteurs filaires et Bluetooth'),
('Appareils photo','Appareils photo numeriques, reflex, hybrides et compacts'),
('Objectifs et accessoires photo','Objectifs, trépieds, sacs photo, filtres et flashs'),
('Electromenagers de cuisine','Micro-ondes, mixeurs, cafetieres, grille-pain et autres appareils'),
('Refrigerateurs et congelateurs','Frigos, congelateurs et mini-refrigerateurs'),
('Laveuses et secheuses','Machines a laver, secheuses et ensembles de buanderie'),
('Aspirateurs et entretien','Aspirateurs, nettoyeurs vapeur et appareils d’entretien'),
('Meubles de salon','Canapes, tables basses, fauteuils, bibliotheques et meubles decoratifs'),
('Meubles de chambre','Lits, matelas, commodes, armoires et tables de chevet'),
('Meubles de bureau','Bureaux, chaises ergonomiques, classeurs et rangements'),
('Meubles de salle a manger','Tables, chaises, buffets et meubles de repas'),
('Decoration interieure','Lampes, miroirs, cadres, tapis et objets decoratifs'),
('Articles de cuisine','Vaisselle, casseroles, poeles, ustensiles et petits equipements'),
('Vetements pour femmes','Habits, manteaux, robes, jeans et ensembles pour femmes'),
('Vetements pour hommes','Habits, vestes, pantalons, chemises et ensembles pour hommes'),
('Vetements pour enfants','Vetements pour bebes, enfants et adolescents'),
('Chaussures','Souliers, bottes, sandales, espadrilles et chaussures habillees'),
('Sacs et accessoires de mode','Sacs a main, sacs a dos, ceintures, portefeuilles et foulards'),
('Bijoux et montres','Montres, bracelets, colliers, bagues et bijoux fantaisie'),
('Articles de sport et fitness','Poids, tapis, velos d’exercice et equipements d’entrainement'),
('Velos et accessoires cyclistes','Velos de route, de montagne, urbains et accessoires'),
('Equipement de plein air','Tentes, sacs de couchage, glaciaires et materiel de camping'),
('Instruments de musique','Guitares, pianos, claviers, batteries et autres instruments'),
('Materiel audio professionnel','Mixeurs, micros, interfaces audio et equipements de studio'),
('Livres et manuels','Romans, bandes dessinees, dictionnaires et manuels scolaires'),
('Fournitures scolaires et de bureau','Cahiers, cartables, calculatrices et materiel de bureau'),
('Jouets et jeux pour enfants','Jeux educatifs, peluches, jouets creatifs et jeux de societe'),
('Articles pour bebes','Poussettes, sieges auto, lits pour bebes et accessoires'),
('Voitures','Vehicules usages, berlines, VUS, hatchbacks et petites voitures'),
('Motos et scooters','Motos, scooters et vehicules motorises legers'),
('Pieces et accessoires auto','Pneus, batteries, outils, tapis, jantes et accessoires auto'),
('Outils et bricolage','Perceuses, boites a outils, echelles et materiel de renovation'),
('Jardin et exterieur','Mobilier de jardin, tondeuses, plantes et accessoires exterieurs'),
('Articles pour animaux','Nourriture, cages, aquariums, laisses et accessoires pour animaux'),
('Sante et beaute','Seche-cheveux, rasoirs, appareils de soin et produits de beaute'),
('Montres intelligentes et objets connectes','Montres connectees, bracelets intelligents et gadgets connectes'),
('DVD, films et musique','CD, DVD, vinyles, Blu-ray et collections multimedia'),
('Autres','Articles divers qui ne correspondent pas aux autres categories');


INSERT INTO Produit (id_annonceur, id_categorie, titre, description, marque, modele, etat_produit, prix_souhaite, date_soumission) VALUES
(1,1,'iPhone 11 64 Go','Telephone debloque avec batterie en bon etat','Apple','iPhone 11','bon',399.00,'2024-01-05'),
(2,1,'Samsung Galaxy S21 128 Go','Android fluide avec ecran AMOLED','Samsung','Galaxy S21','excellent',429.00,'2024-01-07'),
(3,1,'Google Pixel 7','Telephone avec excellent appareil photo','Google','Pixel 7','excellent',519.00,'2024-01-10'),
(4,1,'iPhone SE 2022','Petit format tres pratique','Apple','iPhone SE 2022','bon',279.00,'2024-01-13'),
(5,2,'iPad 9e generation','Tablette parfaite pour etudes et video','Apple','iPad 9','bon',320.00,'2024-01-15'),
(6,2,'Samsung Galaxy Tab S7 FE','Grande tablette Android avec stylet','Samsung','Tab S7 FE','excellent',410.00,'2024-01-18'),
(7,3,'MacBook Air M1 13 pouces','Ordinateur leger avec tres bonne autonomie','Apple','MacBook Air M1','excellent',899.00,'2024-01-21'),
(8,3,'Dell XPS 13','Portable compact pour travail et universite','Dell','XPS 13 9310','bon',780.00,'2024-01-24'),
(9,3,'HP Pavilion 15','Portable familial avec SSD','HP','Pavilion 15','bon',520.00,'2024-01-27'),
(10,3,'Lenovo ThinkPad T14','Ordinateur robuste pour bureautique','Lenovo','ThinkPad T14','excellent',760.00,'2024-01-29'),
(11,4,'PC gamer Ryzen 5 RTX 3060','Tour assemblee pour jeu en 1080p','Custom','Ryzen5-RTX3060','bon',950.00,'2024-02-01'),
(12,4,'Mini PC bureautique','Petit ordinateur silencieux','Beelink','U59','bon',260.00,'2024-02-03'),
(13,5,'Moniteur LG 27 pouces 144 Hz','Ecran ideal pour gaming et multimedia','LG','27GN800','excellent',240.00,'2024-02-06'),
(14,5,'Ecran Dell 24 pouces IPS','Moniteur de bureau tres propre','Dell','P2419H','bon',110.00,'2024-02-08'),
(15,6,'Carte graphique RTX 3070','Carte graphique fonctionnelle et propre','NVIDIA','RTX 3070','bon',420.00,'2024-02-10'),
(16,6,'Memoire DDR4 16 Go kit','Kit 2x8 Go pour ordinateur de bureau','Corsair','Vengeance LPX','excellent',55.00,'2024-02-12'),
(17,7,'Clavier mecanique RGB','Clavier gaming avec switchs rouges','HyperX','Alloy Origins','bon',65.00,'2024-02-14'),
(18,7,'Souris Logitech MX Master 3','Souris sans fil ergonomique','Logitech','MX Master 3','excellent',85.00,'2024-02-16'),
(19,7,'Imprimante HP DeskJet','Imprimante a domicile avec scanner','HP','DeskJet 3755','correct',45.00,'2024-02-18'),
(20,8,'PlayStation 5 Edition Standard','Console avec une manette','Sony','PS5','excellent',620.00,'2024-02-20'),
(21,8,'Xbox Series X','Console 4K en tres bon etat','Microsoft','Series X','excellent',560.00,'2024-02-23'),
(22,8,'Nintendo Switch OLED','Console portable avec dock','Nintendo','Switch OLED','bon',335.00,'2024-02-26'),
(23,9,'The Legend of Zelda Tears of the Kingdom','Jeu Nintendo Switch en boite','Nintendo','Switch','excellent',55.00,'2024-03-01'),
(24,9,'FIFA 23 PS5','Jeu de sport pour console Sony','EA Sports','PS5','bon',25.00,'2024-03-03'),
(25,10,'Manette DualSense blanche','Manette officielle PlayStation 5','Sony','DualSense','excellent',58.00,'2024-03-06'),
(26,10,'Casque gaming sans fil','Micro integre et son spatial','SteelSeries','Arctis 7','bon',95.00,'2024-03-09'),
(27,11,'Televiseur Samsung 55 pouces 4K','Smart TV UHD avec telecommande','Samsung','TU7000','bon',430.00,'2024-03-12'),
(28,11,'TV LG 43 pouces','Televiseur LED pour salon ou chambre','LG','43UP7000','bon',260.00,'2024-03-15'),
(29,12,'Barre de son JBL','Ameliore nettement le son de la TV','JBL','Bar 2.1','excellent',190.00,'2024-03-18'),
(30,12,'Enceinte Bluetooth portable','Son puissant et batterie durable','Sony','SRS-XB33','bon',95.00,'2024-03-20'),
(31,13,'Casque Sony WH-1000XM4','Reduction de bruit active','Sony','WH-1000XM4','excellent',230.00,'2024-03-23'),
(32,13,'AirPods Pro 2','Ecouteurs sans fil Apple','Apple','AirPods Pro 2','excellent',210.00,'2024-03-25'),
(33,14,'Canon EOS Rebel T7','Reflex ideal pour debuter en photo','Canon','EOS Rebel T7','bon',420.00,'2024-03-28'),
(34,14,'Sony Alpha a6000','Hybride compact avec objectif de base','Sony','a6000','bon',510.00,'2024-03-30'),
(35,15,'Objectif Canon 50 mm f1.8','Objectif portrait leger et net','Canon','EF 50mm f1.8','excellent',115.00,'2024-04-02'),
(36,15,'Trépied photo aluminium','Support stable pour photo et video','Manfrotto','Compact Action','bon',48.00,'2024-04-05'),
(37,16,'Machine a cafe Nespresso','Fonctionne tres bien avec capsules','Nespresso','Essenza Mini','bon',85.00,'2024-04-08'),
(38,16,'Friteuse a air','Air fryer 5 litres propre','Ninja','AF101','excellent',110.00,'2024-04-10'),
(39,17,'Mini refrigerateur','Petit frigo pour chambre ou bureau','Midea','Mini Fridge','bon',140.00,'2024-04-12'),
(40,17,'Congelateur vertical','Bon etat de fonctionnement','Frigidaire','FFU12','correct',260.00,'2024-04-14'),
(41,18,'Laveuse Whirlpool','Laveuse a chargement frontal','Whirlpool','WFW5605','bon',350.00,'2024-04-17'),
(42,18,'Secheuse LG','Secheuse electrique familiale','LG','DLE3400','bon',330.00,'2024-04-19'),
(43,19,'Aspirateur Dyson V8','Aspirateur balai sans fil','Dyson','V8 Animal','bon',220.00,'2024-04-22'),
(44,19,'Aspirateur robot','Nettoyage automatique de l appartement','iRobot','Roomba 675','correct',150.00,'2024-04-24'),
(45,20,'Canape 3 places gris','Canape confortable pour salon','IKEA','KIVIK','bon',290.00,'2024-04-27'),
(46,20,'Table basse en bois','Petite table de salon moderne','Structube','Oslo','excellent',70.00,'2024-04-29'),
(47,21,'Lit double avec cadre','Cadre de lit en bois simple','IKEA','MALM','bon',240.00,'2024-05-02'),
(48,21,'Commode 6 tiroirs','Rangement pour chambre','IKEA','HEMNES','bon',180.00,'2024-05-04'),
(49,22,'Chaise de bureau ergonomique','Support lombaire confortable','Staples','Hyken','excellent',145.00,'2024-05-07'),
(50,22,'Bureau informatique 120 cm','Bureau compact pour etudiant','IKEA','MICKE','bon',95.00,'2024-05-10'),
(51,23,'Table a manger 6 places','Table solide pour famille','IKEA','BJURSTA','bon',210.00,'2024-05-12'),
(52,23,'Lot de 4 chaises de salle a manger','Chaises en bon etat','Structube','Ava','bon',160.00,'2024-05-15'),
(53,24,'Lampe sur pied noire','Lampe moderne pour salon','IKEA','NOT','excellent',25.00,'2024-05-17'),
(54,24,'Grand miroir mural','Miroir decoratif pour entree','Bouclair','Mural 90','bon',60.00,'2024-05-20'),
(55,25,'Batterie de cuisine 10 pieces','Casseroles et poeles antiadhesives','T-fal','Ingenio','bon',75.00,'2024-05-22'),
(56,25,'Set de vaisselle 16 pieces','Vaisselle blanche classique','Corelle','Classic White','excellent',45.00,'2024-05-24'),
(57,26,'Manteau hiver femme','Manteau chaud longueur genou','The North Face','Arctic Parka','bon',180.00,'2024-05-27'),
(58,26,'Robe noire elegante','Robe simple pour sorties','Zara','Midi','excellent',35.00,'2024-05-29'),
(59,27,'Veste homme en cuir','Veste style classique','Wilsons','Leather Jacket','bon',120.00,'2024-06-01'),
(60,27,'Costume gris homme','Costume deux pieces','Hugo Boss','Slim Fit','excellent',220.00,'2024-06-03'),
(61,28,'Ensemble hiver enfant 6 ans','Manteau et pantalon de neige','Columbia','Kids Set','bon',55.00,'2024-06-05'),
(62,28,'Lot de vetements bebe','Plusieurs morceaux taille 12 mois','Carters','Baby Pack','bon',30.00,'2024-06-08'),
(63,29,'Nike Air Force 1 taille 42','Chaussures blanches en bon etat','Nike','Air Force 1','bon',70.00,'2024-06-10'),
(64,29,'Bottes hiver Sorel taille 39','Bottes chaudes et impermeables','Sorel','Winter Boot','excellent',95.00,'2024-06-12'),
(65,30,'Sac a dos Herschel','Sac pratique pour ecole ou ville','Herschel','Little America','bon',48.00,'2024-06-15'),
(66,30,'Sac a main en cuir','Sac classique pour usage quotidien','Coach','City Tote','bon',110.00,'2024-06-18'),
(67,31,'Montre Citizen Eco Drive','Montre elegante pour homme','Citizen','Eco-Drive','excellent',160.00,'2024-06-20'),
(68,31,'Bracelet argent sterling','Bijou simple et discret','Pandora','Sterling','excellent',55.00,'2024-06-22'),
(69,32,'Banc de musculation','Equipement maison pour entrainement','Bowflex','Bench 3.1','bon',190.00,'2024-06-24'),
(70,32,'Tapis de yoga epais','Tapis confortable antiderapant','Lululemon','Yoga Mat','excellent',45.00,'2024-06-27'),
(71,33,'Velo de montagne 26 pouces','Velo ideal pour debutant','Giant','Talon','bon',380.00,'2024-06-29'),
(72,33,'Casque de velo route','Casque leger et securitaire','Giro','Register','excellent',35.00,'2024-07-02'),
(73,34,'Tente 4 places','Tente familiale facile a monter','Coleman','Sundome 4','bon',120.00,'2024-07-05'),
(74,34,'Sac de couchage 0 degre','Confortable pour camping trois saisons','Marmot','Trestles','bon',70.00,'2024-07-07'),
(75,35,'Guitare acoustique Yamaha','Son clair et facile a jouer','Yamaha','F310','bon',150.00,'2024-07-10'),
(76,35,'Clavier numerique 61 touches','Ideal pour debuter le piano','Casio','CT-S300','excellent',175.00,'2024-07-12'),
(77,36,'Microphone USB Blue Yeti','Parfait pour podcast et streaming','Blue','Yeti','excellent',95.00,'2024-07-14'),
(78,36,'Interface audio Focusrite','Enregistrement maison 2 entrees','Focusrite','Scarlett 2i2','bon',135.00,'2024-07-17'),
(79,37,'Guide complet Java','Manuel de programmation recente','Pearson','Java 17','bon',28.00,'2024-07-19'),
(80,37,'Introduction aux bases de donnees','Livre universitaire en bon etat','Cheneliere','BDD','bon',32.00,'2024-07-22'),
(81,38,'Calculatrice scientifique Casio','Mode examen accepte','Casio','fx-991EX','excellent',22.00,'2024-07-24'),
(82,38,'Chaise haute bebe','Chaise pratique et facile a nettoyer','IKEA','ANTILOP','bon',35.00,'2024-07-27'),
(83,39,'Lego City commissariat','Boite presque complete','LEGO','City Police','bon',40.00,'2024-07-29'),
(84,39,'Jeu de societe Monopoly','Edition classique en bon etat','Hasbro','Monopoly','bon',18.00,'2024-08-01'),
(85,40,'Poussette compacte','Poussette pliante pour ville','Graco','Modes','bon',130.00,'2024-08-03'),
(1,41,'Toyota Corolla 2016','Voiture fiable avec entretien regulier','Toyota','Corolla 2016','bon',9800.00,'2024-08-05'),
(2,42,'Scooter Yamaha 125','Scooter economique pour deplacements','Yamaha','NMAX 125','bon',2100.00,'2024-08-08'),
(3,43,'Pneus hiver 17 pouces','Ensemble de quatre pneus usages','Michelin','X-Ice','bon',320.00,'2024-08-10'),
(4,44,'Perceuse sans fil 20V','Perceuse avec deux batteries','DeWalt','DCD771','excellent',90.00,'2024-08-13'),
(5,45,'Table de patio avec 4 chaises','Mobilier exterieur en metal','Outsunny','Patio Set','bon',240.00,'2024-08-15'),
(6,46,'Aquarium 60 litres','Aquarium avec filtre et lumiere','Fluval','60L','bon',95.00,'2024-08-18'),
(7,47,'Seche cheveux Dyson Supersonic','Appareil de beaute haut de gamme','Dyson','Supersonic','excellent',260.00,'2024-08-21'),
(8,48,'Apple Watch Series 7','Montre connectee GPS','Apple','Watch Series 7','excellent',290.00,'2024-08-24'),
(9,49,'Collection DVD Harry Potter','Coffret complet 8 films','Warner','DVD Box Set','bon',45.00,'2024-08-27'),
(10,50,'Lot divers de rangement','Boites et accessoires utiles pour maison','Generic','Storage Lot','correct',25.00,'2024-08-30');


INSERT INTO Estimation (id_estimation, id_produit, id_expert, prix_estime, commentaire, date_estimation, decision_annonceur, date_decision)
VALUES
(1, 1, 8, 98.50, 'Bon rapport qualite-prix selon etat', '2024-02-02', 'acceptee', '2024-02-04'),
(2, 2, 15, 117.00, 'Estimation basee sur des ventes comparables', '2024-03-03', 'acceptee', '2024-03-05'),
(3, 3, 22, 135.50, 'Legere usure prise en compte dans le prix', '2024-04-04', 'acceptee', '2024-04-06'),
(4, 4, 29, 154.00, 'Valeur stable pour cette categorie', '2024-05-05', 'acceptee', '2024-05-07'),
(5, 5, 36, 135.00, 'Prix coherent avec le marche local', '2024-06-06', 'acceptee', '2024-06-08'),
(6, 6, 43, 153.50, 'Bon rapport qualite-prix selon etat', '2024-07-07', 'acceptee', '2024-07-09'),
(7, 7, 50, 172.00, 'Estimation basee sur des ventes comparables', '2024-08-08', 'acceptee', '2024-08-10'),
(8, 8, 57, 190.50, 'Legere usure prise en compte dans le prix', '2024-09-09', 'acceptee', '2024-09-11'),
(9, 9, 64, 209.00, 'Valeur stable pour cette categorie', '2024-01-10', 'acceptee', '2024-01-12'),
(10, 10, 71, 190.00, 'Prix coherent avec le marche local', '2024-02-11', 'acceptee', '2024-02-13'),
(11, 11, 78, 208.50, 'Bon rapport qualite-prix selon etat', '2024-03-12', 'acceptee', '2024-03-14'),
(12, 12, 85, 227.00, 'Estimation basee sur des ventes comparables', '2024-04-13', 'acceptee', '2024-04-15'),
(13, 13, 7, 245.50, 'Legere usure prise en compte dans le prix', '2024-05-14', 'acceptee', '2024-05-16'),
(14, 14, 14, 264.00, 'Valeur stable pour cette categorie', '2024-06-15', 'acceptee', '2024-06-17'),
(15, 15, 21, 245.00, 'Prix coherent avec le marche local', '2024-07-16', 'acceptee', '2024-07-18'),
(16, 16, 28, 263.50, 'Bon rapport qualite-prix selon etat', '2024-08-17', 'acceptee', '2024-08-19'),
(17, 17, 35, 282.00, 'Estimation basee sur des ventes comparables', '2024-09-18', 'acceptee', '2024-09-20'),
(18, 18, 42, 300.50, 'Legere usure prise en compte dans le prix', '2024-01-19', 'acceptee', '2024-01-21'),
(19, 19, 49, 319.00, 'Valeur stable pour cette categorie', '2024-02-20', 'acceptee', '2024-02-22'),
(20, 20, 56, 300.00, 'Prix coherent avec le marche local', '2024-03-21', 'acceptee', '2024-03-23'),
(21, 21, 63, 318.50, 'Bon rapport qualite-prix selon etat', '2024-04-22', 'acceptee', '2024-04-24'),
(22, 22, 70, 337.00, 'Estimation basee sur des ventes comparables', '2024-05-23', 'acceptee', '2024-05-25'),
(23, 23, 77, 355.50, 'Legere usure prise en compte dans le prix', '2024-06-24', 'acceptee', '2024-06-26'),
(24, 24, 84, 374.00, 'Valeur stable pour cette categorie', '2024-07-25', 'acceptee', '2024-07-27'),
(25, 25, 6, 355.00, 'Prix coherent avec le marche local', '2024-08-26', 'acceptee', '2024-08-28'),
(26, 26, 13, 373.50, 'Bon rapport qualite-prix selon etat', '2024-09-27', 'acceptee', '2024-09-28'),
(27, 27, 20, 392.00, 'Estimation basee sur des ventes comparables', '2024-01-01', 'acceptee', '2024-01-03'),
(28, 28, 27, 410.50, 'Legere usure prise en compte dans le prix', '2024-02-02', 'acceptee', '2024-02-04'),
(29, 29, 34, 429.00, 'Valeur stable pour cette categorie', '2024-03-03', 'acceptee', '2024-03-05'),
(30, 30, 41, 410.00, 'Prix coherent avec le marche local', '2024-04-04', 'acceptee', '2024-04-06'),
(31, 31, 48, 428.50, 'Bon rapport qualite-prix selon etat', '2024-05-05', 'acceptee', '2024-05-07'),
(32, 32, 55, 447.00, 'Estimation basee sur des ventes comparables', '2024-06-06', 'acceptee', '2024-06-08'),
(33, 33, 62, 465.50, 'Legere usure prise en compte dans le prix', '2024-07-07', 'acceptee', '2024-07-09'),
(34, 34, 69, 484.00, 'Valeur stable pour cette categorie', '2024-08-08', 'acceptee', '2024-08-10'),
(35, 35, 76, 465.00, 'Prix coherent avec le marche local', '2024-09-09', 'acceptee', '2024-09-11'),
(36, 36, 83, 483.50, 'Bon rapport qualite-prix selon etat', '2024-01-10', 'acceptee', '2024-01-12'),
(37, 37, 5, 502.00, 'Estimation basee sur des ventes comparables', '2024-02-11', 'acceptee', '2024-02-13'),
(38, 38, 12, 520.50, 'Legere usure prise en compte dans le prix', '2024-03-12', 'acceptee', '2024-03-14'),
(39, 39, 19, 539.00, 'Valeur stable pour cette categorie', '2024-04-13', 'acceptee', '2024-04-15'),
(40, 40, 26, 520.00, 'Prix coherent avec le marche local', '2024-05-14', 'acceptee', '2024-05-16'),
(41, 41, 33, 538.50, 'Bon rapport qualite-prix selon etat', '2024-06-15', 'acceptee', '2024-06-17'),
(42, 42, 40, 557.00, 'Estimation basee sur des ventes comparables', '2024-07-16', 'acceptee', '2024-07-18'),
(43, 43, 47, 575.50, 'Legere usure prise en compte dans le prix', '2024-08-17', 'acceptee', '2024-08-19'),
(44, 44, 54, 594.00, 'Valeur stable pour cette categorie', '2024-09-18', 'acceptee', '2024-09-20'),
(45, 45, 61, 575.00, 'Prix coherent avec le marche local', '2024-01-19', 'acceptee', '2024-01-21'),
(46, 46, 68, 593.50, 'Bon rapport qualite-prix selon etat', '2024-02-20', 'acceptee', '2024-02-22'),
(47, 47, 75, 612.00, 'Estimation basee sur des ventes comparables', '2024-03-21', 'acceptee', '2024-03-23'),
(48, 48, 82, 630.50, 'Legere usure prise en compte dans le prix', '2024-04-22', 'acceptee', '2024-04-24'),
(49, 49, 4, 649.00, 'Valeur stable pour cette categorie', '2024-05-23', 'acceptee', '2024-05-25'),
(50, 50, 11, 630.00, 'Prix coherent avec le marche local', '2024-06-24', 'acceptee', '2024-06-26'),
(51, 51, 18, 648.50, 'Bon rapport qualite-prix selon etat', '2024-07-25', 'acceptee', '2024-07-27'),
(52, 52, 25, 667.00, 'Estimation basee sur des ventes comparables', '2024-08-26', 'acceptee', '2024-08-28'),
(53, 53, 32, 685.50, 'Legere usure prise en compte dans le prix', '2024-09-27', 'acceptee', '2024-09-28'),
(54, 54, 39, 704.00, 'Valeur stable pour cette categorie', '2024-01-01', 'acceptee', '2024-01-03'),
(55, 55, 46, 685.00, 'Prix coherent avec le marche local', '2024-02-02', 'acceptee', '2024-02-04'),
(56, 56, 53, 703.50, 'Bon rapport qualite-prix selon etat', '2024-03-03', 'acceptee', '2024-03-05'),
(57, 57, 60, 722.00, 'Estimation basee sur des ventes comparables', '2024-04-04', 'acceptee', '2024-04-06'),
(58, 58, 67, 740.50, 'Legere usure prise en compte dans le prix', '2024-05-05', 'acceptee', '2024-05-07'),
(59, 59, 74, 759.00, 'Valeur stable pour cette categorie', '2024-06-06', 'acceptee', '2024-06-08'),
(60, 60, 81, 740.00, 'Prix coherent avec le marche local', '2024-07-07', 'acceptee', '2024-07-09'),
(61, 61, 3, 758.50, 'Bon rapport qualite-prix selon etat', '2024-08-08', 'refusee', '2024-08-11'),
(62, 62, 10, 777.00, 'Estimation basee sur des ventes comparables', '2024-09-09', 'refusee', '2024-09-12'),
(63, 63, 17, 795.50, 'Legere usure prise en compte dans le prix', '2024-01-10', 'refusee', '2024-01-13'),
(64, 64, 24, 814.00, 'Valeur stable pour cette categorie', '2024-02-11', 'refusee', '2024-02-14'),
(65, 65, 31, 795.00, 'Prix coherent avec le marche local', '2024-03-12', 'refusee', '2024-03-15'),
(66, 66, 38, 813.50, 'Bon rapport qualite-prix selon etat', '2024-04-13', 'refusee', '2024-04-16'),
(67, 67, 45, 832.00, 'Estimation basee sur des ventes comparables', '2024-05-14', 'refusee', '2024-05-17'),
(68, 68, 52, 850.50, 'Legere usure prise en compte dans le prix', '2024-06-15', 'refusee', '2024-06-18'),
(69, 69, 59, 869.00, 'Valeur stable pour cette categorie', '2024-07-16', 'refusee', '2024-07-19'),
(70, 70, 66, 850.00, 'Prix coherent avec le marche local', '2024-08-17', 'refusee', '2024-08-20'),
(71, 71, 73, 868.50, 'Bon rapport qualite-prix selon etat', '2024-09-18', 'refusee', '2024-09-21'),
(72, 72, 80, 887.00, 'Estimation basee sur des ventes comparables', '2024-01-19', 'refusee', '2024-01-22'),
(73, 73, 2, 905.50, 'Legere usure prise en compte dans le prix', '2024-02-20', 'refusee', '2024-02-23'),
(74, 74, 9, 924.00, 'Valeur stable pour cette categorie', '2024-03-21', 'refusee', '2024-03-24'),
(75, 75, 16, 905.00, 'Prix coherent avec le marche local', '2024-04-22', 'refusee', '2024-04-25'),
(76, 76, 23, 923.50, 'Bon rapport qualite-prix selon etat', '2024-05-23', 'refusee', '2024-05-26'),
(77, 77, 30, 942.00, 'Estimation basee sur des ventes comparables', '2024-06-24', 'refusee', '2024-06-27'),
(78, 78, 37, 960.50, 'Legere usure prise en compte dans le prix', '2024-07-25', 'refusee', '2024-07-28'),
(79, 79, 44, 979.00, 'Valeur stable pour cette categorie', '2024-08-26', 'en_attente', NULL),
(80, 80, 51, 960.00, 'Prix coherent avec le marche local', '2024-09-27', 'en_attente', NULL),
(81, 81, 58, 978.50, 'Bon rapport qualite-prix selon etat', '2024-01-01', 'en_attente', NULL),
(82, 82, 65, 997.00, 'Estimation basee sur des ventes comparables', '2024-02-02', 'en_attente', NULL),
(83, 83, 72, 1015.50, 'Legere usure prise en compte dans le prix', '2024-03-03', 'en_attente', NULL),
(84, 84, 79, 1034.00, 'Valeur stable pour cette categorie', '2024-04-04', 'en_attente', NULL),
(85, 85, 1, 1015.00, 'Prix coherent avec le marche local', '2024-05-05', 'en_attente', NULL),
(86, 86, 8, 1033.50, 'Bon rapport qualite-prix selon etat', '2024-06-06', 'en_attente', NULL),
(87, 87, 15, 1052.00, 'Estimation basee sur des ventes comparables', '2024-07-07', 'en_attente', NULL),
(88, 88, 22, 1070.50, 'Legere usure prise en compte dans le prix', '2024-08-08', 'en_attente', NULL),
(89, 89, 29, 1089.00, 'Valeur stable pour cette categorie', '2024-09-09', 'en_attente', NULL),
(90, 90, 36, 1070.00, 'Prix coherent avec le marche local', '2024-01-10', 'en_attente', NULL);


INSERT INTO Annonce (id_annonce, id_produit, date_publication, date_expiration, statut_annonce)
VALUES
(1, 1, '2024-04-02', '2024-06-07', 'vendue'),
(2, 2, '2024-05-03', '2024-07-08', 'vendue'),
(3, 3, '2024-06-04', '2024-08-09', 'vendue'),
(4, 4, '2024-07-05', '2024-09-10', 'vendue'),
(5, 5, '2024-08-06', '2024-10-11', 'vendue'),
(6, 6, '2024-09-07', '2024-11-12', 'vendue'),
(7, 7, '2024-01-08', '2024-03-13', 'vendue'),
(8, 8, '2024-02-09', '2024-04-14', 'vendue'),
(9, 9, '2024-03-10', '2024-05-15', 'vendue'),
(10, 10, '2024-04-11', '2024-06-16', 'vendue'),
(11, 11, '2024-05-12', '2024-07-17', 'vendue'),
(12, 12, '2024-06-13', '2024-08-18', 'vendue'),
(13, 13, '2024-07-14', '2024-09-19', 'vendue'),
(14, 14, '2024-08-15', '2024-10-20', 'vendue'),
(15, 15, '2024-09-16', '2024-11-21', 'vendue'),
(16, 16, '2024-01-17', '2024-03-22', 'vendue'),
(17, 17, '2024-02-18', '2024-04-23', 'vendue'),
(18, 18, '2024-03-19', '2024-05-24', 'vendue'),
(19, 19, '2024-04-20', '2024-06-25', 'vendue'),
(20, 20, '2024-05-21', '2024-07-26', 'vendue'),
(21, 21, '2024-06-22', '2024-08-27', 'vendue'),
(22, 22, '2024-07-23', '2024-09-28', 'vendue'),
(23, 23, '2024-08-24', '2024-10-28', 'vendue'),
(24, 24, '2024-09-25', '2024-11-28', 'vendue'),
(25, 25, '2024-01-26', '2024-03-28', 'vendue'),
(26, 26, '2024-02-27', '2024-04-28', 'vendue'),
(27, 27, '2024-03-01', '2024-05-06', 'vendue'),
(28, 28, '2024-04-02', '2024-06-07', 'vendue'),
(29, 29, '2024-05-03', '2024-07-08', 'vendue'),
(30, 30, '2024-06-04', '2024-08-09', 'vendue'),
(31, 31, '2024-07-05', '2024-09-10', 'vendue'),
(32, 32, '2024-08-06', '2024-10-11', 'vendue'),
(33, 33, '2024-09-07', '2024-11-12', 'vendue'),
(34, 34, '2024-01-08', '2024-03-13', 'vendue'),
(35, 35, '2024-02-09', '2024-04-14', 'vendue'),
(36, 36, '2024-03-10', '2024-05-15', 'active'),
(37, 37, '2024-04-11', '2024-06-16', 'active'),
(38, 38, '2024-05-12', '2024-07-17', 'active'),
(39, 39, '2024-06-13', '2024-08-18', 'active'),
(40, 40, '2024-07-14', '2024-09-19', 'active'),
(41, 41, '2024-08-15', '2024-10-20', 'active'),
(42, 42, '2024-09-16', '2024-11-21', 'active'),
(43, 43, '2024-01-17', '2024-03-22', 'active'),
(44, 44, '2024-02-18', '2024-04-23', 'active'),
(45, 45, '2024-03-19', '2024-05-24', 'active'),
(46, 46, '2024-04-20', '2024-06-25', 'active'),
(47, 47, '2024-05-21', '2024-07-26', 'active'),
(48, 48, '2024-06-22', '2024-08-27', 'active'),
(49, 49, '2024-07-23', '2024-09-28', 'active'),
(50, 50, '2024-08-24', '2024-10-28', 'active'),
(51, 51, '2024-09-25', '2024-11-28', 'retiree'),
(52, 52, '2024-01-26', '2024-03-28', 'retiree'),
(53, 53, '2024-02-27', '2024-04-28', 'retiree'),
(54, 54, '2024-03-01', '2024-05-06', 'retiree'),
(55, 55, '2024-04-02', '2024-06-07', 'retiree'),
(56, 56, '2024-05-03', '2024-07-08', 'expiree'),
(57, 57, '2024-06-04', '2024-08-09', 'expiree'),
(58, 58, '2024-07-05', '2024-09-10', 'expiree'),
(59, 59, '2024-08-06', '2024-10-11', 'expiree'),
(60, 60, '2024-09-07', '2024-11-12', 'expiree');


INSERT INTO Offre (id_offre, id_annonce, id_acheteur, montant_offre, date_offre, statut_offre)
VALUES
(1, 1, 9, 161.25, '2024-05-02', 'acceptee'),
(2, 2, 14, 182.50, '2024-06-03', 'acceptee'),
(3, 3, 19, 203.75, '2024-07-04', 'acceptee'),
(4, 4, 24, 176.00, '2024-08-05', 'acceptee'),
(5, 5, 29, 197.25, '2024-09-06', 'acceptee'),
(6, 6, 34, 218.50, '2024-01-07', 'acceptee'),
(7, 7, 39, 239.75, '2024-02-08', 'acceptee'),
(8, 8, 44, 212.00, '2024-03-09', 'acceptee'),
(9, 9, 49, 233.25, '2024-04-10', 'acceptee'),
(10, 10, 54, 254.50, '2024-05-11', 'acceptee'),
(11, 11, 59, 275.75, '2024-06-12', 'acceptee'),
(12, 12, 64, 248.00, '2024-07-13', 'acceptee'),
(13, 13, 69, 269.25, '2024-08-14', 'acceptee'),
(14, 14, 74, 290.50, '2024-09-15', 'acceptee'),
(15, 15, 79, 311.75, '2024-01-16', 'acceptee'),
(16, 16, 84, 284.00, '2024-02-17', 'acceptee'),
(17, 17, 4, 305.25, '2024-03-18', 'acceptee'),
(18, 18, 9, 326.50, '2024-04-19', 'acceptee'),
(19, 19, 14, 347.75, '2024-05-20', 'acceptee'),
(20, 20, 19, 320.00, '2024-06-21', 'acceptee'),
(21, 21, 24, 341.25, '2024-07-22', 'acceptee'),
(22, 22, 29, 362.50, '2024-08-23', 'acceptee'),
(23, 23, 34, 383.75, '2024-09-24', 'acceptee'),
(24, 24, 39, 356.00, '2024-01-25', 'acceptee'),
(25, 25, 44, 377.25, '2024-02-26', 'acceptee'),
(26, 26, 49, 398.50, '2024-03-27', 'acceptee'),
(27, 27, 54, 419.75, '2024-04-01', 'acceptee'),
(28, 28, 59, 392.00, '2024-05-02', 'acceptee'),
(29, 29, 64, 413.25, '2024-06-03', 'acceptee'),
(30, 30, 69, 434.50, '2024-07-04', 'acceptee'),
(31, 31, 74, 455.75, '2024-08-05', 'acceptee'),
(32, 32, 79, 428.00, '2024-09-06', 'acceptee'),
(33, 33, 84, 449.25, '2024-01-07', 'acceptee'),
(34, 34, 4, 470.50, '2024-02-08', 'acceptee'),
(35, 35, 9, 491.75, '2024-03-09', 'acceptee'),
(36, 36, 14, 464.00, '2024-04-10', 'en_attente'),
(37, 37, 19, 485.25, '2024-05-11', 'en_attente'),
(38, 38, 24, 506.50, '2024-06-12', 'en_attente'),
(39, 39, 29, 527.75, '2024-07-13', 'en_attente'),
(40, 40, 34, 500.00, '2024-08-14', 'en_attente'),
(41, 41, 39, 521.25, '2024-09-15', 'en_attente'),
(42, 42, 44, 542.50, '2024-01-16', 'en_attente'),
(43, 43, 49, 563.75, '2024-02-17', 'en_attente'),
(44, 44, 54, 536.00, '2024-03-18', 'en_attente'),
(45, 45, 59, 557.25, '2024-04-19', 'en_attente'),
(46, 46, 64, 578.50, '2024-05-20', 'en_attente'),
(47, 47, 69, 599.75, '2024-06-21', 'en_attente'),
(48, 48, 74, 572.00, '2024-07-22', 'en_attente'),
(49, 49, 79, 593.25, '2024-08-23', 'en_attente'),
(50, 50, 84, 614.50, '2024-09-24', 'en_attente'),
(51, 51, 4, 635.75, '2024-01-25', 'en_attente'),
(52, 52, 9, 608.00, '2024-02-26', 'en_attente'),
(53, 53, 14, 629.25, '2024-03-27', 'en_attente'),
(54, 54, 19, 650.50, '2024-04-01', 'en_attente'),
(55, 55, 24, 671.75, '2024-05-02', 'en_attente'),
(56, 56, 29, 644.00, '2024-06-03', 'en_attente'),
(57, 57, 34, 665.25, '2024-07-04', 'en_attente'),
(58, 58, 39, 686.50, '2024-08-05', 'en_attente'),
(59, 59, 44, 707.75, '2024-09-06', 'en_attente'),
(60, 60, 49, 680.00, '2024-01-07', 'en_attente'),
(61, 1, 54, 701.25, '2024-02-08', 'en_attente'),
(62, 2, 59, 722.50, '2024-03-09', 'en_attente'),
(63, 3, 64, 743.75, '2024-04-10', 'en_attente'),
(64, 4, 69, 716.00, '2024-05-11', 'en_attente'),
(65, 5, 74, 737.25, '2024-06-12', 'en_attente'),
(66, 6, 79, 758.50, '2024-07-13', 'refusee'),
(67, 7, 84, 779.75, '2024-08-14', 'refusee'),
(68, 8, 4, 752.00, '2024-09-15', 'refusee'),
(69, 9, 9, 773.25, '2024-01-16', 'refusee'),
(70, 10, 14, 794.50, '2024-02-17', 'refusee'),
(71, 11, 19, 815.75, '2024-03-18', 'refusee'),
(72, 12, 24, 788.00, '2024-04-19', 'refusee'),
(73, 13, 29, 809.25, '2024-05-20', 'refusee'),
(74, 14, 34, 830.50, '2024-06-21', 'refusee'),
(75, 15, 39, 851.75, '2024-07-22', 'refusee'),
(76, 16, 44, 824.00, '2024-08-23', 'refusee'),
(77, 17, 49, 845.25, '2024-09-24', 'refusee'),
(78, 18, 54, 866.50, '2024-01-25', 'refusee'),
(79, 19, 59, 887.75, '2024-02-26', 'refusee'),
(80, 20, 64, 860.00, '2024-03-27', 'refusee'),
(81, 21, 69, 881.25, '2024-04-01', 'refusee'),
(82, 22, 74, 902.50, '2024-05-02', 'refusee'),
(83, 23, 79, 923.75, '2024-06-03', 'refusee'),
(84, 24, 84, 896.00, '2024-07-04', 'refusee'),
(85, 25, 4, 917.25, '2024-08-05', 'refusee'),
(86, 26, 9, 938.50, '2024-09-06', 'refusee'),
(87, 27, 14, 959.75, '2024-01-07', 'refusee'),
(88, 28, 19, 932.00, '2024-02-08', 'refusee'),
(89, 29, 24, 953.25, '2024-03-09', 'refusee'),
(90, 30, 29, 974.50, '2024-04-10', 'refusee');


INSERT INTO Vente (id_vente, id_offre, prix_final, date_vente, mode_conclusion)
VALUES
(1, 1, 161.25, '2024-06-03', 'manuelle'),
(2, 2, 182.50, '2024-07-04', 'automatique'),
(3, 3, 203.75, '2024-08-05', 'manuelle'),
(4, 4, 176.00, '2024-09-06', 'automatique'),
(5, 5, 197.25, '2024-01-07', 'manuelle'),
(6, 6, 218.50, '2024-02-08', 'automatique'),
(7, 7, 239.75, '2024-03-09', 'manuelle'),
(8, 8, 212.00, '2024-04-10', 'automatique'),
(9, 9, 233.25, '2024-05-11', 'manuelle'),
(10, 10, 254.50, '2024-06-12', 'automatique'),
(11, 11, 275.75, '2024-07-13', 'manuelle'),
(12, 12, 248.00, '2024-08-14', 'automatique'),
(13, 13, 269.25, '2024-09-15', 'manuelle'),
(14, 14, 290.50, '2024-01-16', 'automatique'),
(15, 15, 311.75, '2024-02-17', 'manuelle'),
(16, 16, 284.00, '2024-03-18', 'automatique'),
(17, 17, 305.25, '2024-04-19', 'manuelle'),
(18, 18, 326.50, '2024-05-20', 'automatique'),
(19, 19, 347.75, '2024-06-21', 'manuelle'),
(20, 20, 320.00, '2024-07-22', 'automatique'),
(21, 21, 341.25, '2024-08-23', 'manuelle'),
(22, 22, 362.50, '2024-09-24', 'automatique'),
(23, 23, 383.75, '2024-01-25', 'manuelle'),
(24, 24, 356.00, '2024-02-26', 'automatique'),
(25, 25, 377.25, '2024-03-27', 'manuelle'),
(26, 26, 398.50, '2024-04-28', 'automatique'),
(27, 27, 419.75, '2024-05-02', 'manuelle'),
(28, 28, 392.00, '2024-06-03', 'automatique'),
(29, 29, 413.25, '2024-07-04', 'manuelle'),
(30, 30, 434.50, '2024-08-05', 'automatique'),
(31, 31, 455.75, '2024-09-06', 'manuelle'),
(32, 32, 428.00, '2024-01-07', 'automatique'),
(33, 33, 449.25, '2024-02-08', 'manuelle'),
(34, 34, 470.50, '2024-03-09', 'automatique'),
(35, 35, 491.75, '2024-04-10', 'manuelle');


-- =========================
-- Requêtes SQL
-- =========================

-- Requête 1
SELECT 
    c.nom AS categorie,
    ROUND(AVG(e.prix_estime - v.prix_final), 2) AS ecart_moyen,
    COUNT(DISTINCT p.id_produit) AS nb_ventes
FROM Categorie c
JOIN Produit p    ON c.id_categorie = p.id_categorie
JOIN Estimation e ON p.id_produit = e.id_produit
JOIN Annonce a    ON p.id_produit = a.id_produit
JOIN Offre o      ON a.id_annonce = o.id_annonce
JOIN Vente v      ON o.id_offre = v.id_offre
WHERE a.statut_annonce = 'vendue'
  AND e.decision_annonceur = 'acceptee'
GROUP BY c.id_categorie, c.nom
ORDER BY ecart_moyen DESC;


-- Requête 2
SELECT 
    u.id_user, 
    u.prenom, 
    u.nom, 
    COUNT(v.id_vente) AS nb_achats, 
    SUM(v.prix_final) AS total_depense
FROM Utilisateur u
JOIN Offre o ON u.id_user = o.id_acheteur
JOIN Vente v ON o.id_offre = v.id_offre
WHERE u.type_utilisateur = 'acheteur' 
  AND v.mode_conclusion = 'automatique'
GROUP BY u.id_user, u.prenom, u.nom
ORDER BY total_depense DESC;

-- Requête 3
SELECT 
    p.id_produit,
    p.titre,
    p.prix_souhaite,
    e.prix_estime,
    e.commentaire,
    u.prenom AS expert_prenom,
    u.nom AS expert_nom,
    e.date_estimation
FROM Produit p
JOIN Estimation e   ON p.id_produit = e.id_produit
JOIN Utilisateur u  ON e.id_expert = u.id_user
LEFT JOIN Annonce a ON p.id_produit = a.id_produit
WHERE e.decision_annonceur = 'acceptee'
  AND u.type_utilisateur = 'expert'
  AND a.id_annonce IS NULL
ORDER BY e.date_estimation DESC;


-- Requête 4
SELECT 
    a.id_annonce,
    p.titre,
    p.prix_souhaite,
    u.prenom AS annonceur_prenom,
    u.nom AS annonceur_nom,
    u.email AS annonceur_email,
    COUNT(o.id_offre) AS nb_offres,
    MAX(o.montant_offre) AS offre_max,
    a.statut_annonce
FROM Annonce a
JOIN Produit p     ON a.id_produit = p.id_produit
JOIN Utilisateur u ON p.id_annonceur = u.id_user
JOIN Offre o       ON a.id_annonce = o.id_annonce
WHERE a.statut_annonce IN ('expiree', 'retiree')
GROUP BY a.id_annonce, p.titre, p.prix_souhaite, 
         u.prenom, u.nom, u.email, a.statut_annonce
HAVING SUM(CASE WHEN o.statut_offre = 'acceptee' THEN 1 ELSE 0 END) = 0
ORDER BY nb_offres DESC, offre_max DESC;

-- Requête 5
SELECT
    CASE
        WHEN v.prix_final < 100  THEN '1_moins_100'
        WHEN v.prix_final < 500  THEN '2_de_100_a_500'
        WHEN v.prix_final < 1000 THEN '3_de_500_a_1000'
        WHEN v.prix_final < 5000 THEN '4_de_1000_a_5000'
        ELSE '5_plus_5000'
    END AS tranche_prix,
    v.mode_conclusion,
    COUNT(*) AS nb_ventes,
    ROUND(AVG(v.prix_final), 2) AS prix_moyen,
    SUM(v.prix_final) AS total_ventes
FROM Vente v
GROUP BY 
    CASE
        WHEN v.prix_final < 100  THEN '1_moins_100'
        WHEN v.prix_final < 500  THEN '2_de_100_a_500'
        WHEN v.prix_final < 1000 THEN '3_de_500_a_1000'
        WHEN v.prix_final < 5000 THEN '4_de_1000_a_5000'
        ELSE '5_plus_5000'
    END,
    v.mode_conclusion
ORDER BY tranche_prix, v.mode_conclusion;

-- Requête 6
WITH avg_par_cat AS (
    SELECT 
        p.id_categorie,
        AVG(e.prix_estime) AS avg_estime
    FROM Produit p
    JOIN Estimation e ON p.id_produit = e.id_produit
    WHERE e.decision_annonceur != 'refusee'
    GROUP BY p.id_categorie
)
SELECT 
    c.nom AS categorie,
    p.titre,
    p.prix_souhaite,
    e.prix_estime,
    ROUND(ac.avg_estime, 2) AS moyenne_categorie,
    ROUND((p.prix_souhaite / ac.avg_estime - 1) * 100, 1) AS ecart_pct
FROM Produit p
JOIN Categorie c ON p.id_categorie = c.id_categorie
JOIN Estimation e ON p.id_produit = e.id_produit
JOIN Annonce a ON p.id_produit = a.id_produit
JOIN avg_par_cat ac ON p.id_categorie = ac.id_categorie
WHERE e.decision_annonceur != 'refusee'
  AND a.statut_annonce IN ('active', 'vendue')
  AND p.prix_souhaite > ac.avg_estime * 1.20
ORDER BY ecart_pct DESC;

-- Requête 7
SELECT 
    u.id_user AS expert_id,
    u.prenom || ' ' || u.nom AS expert_nom,
    COUNT(e.id_estimation) AS total_estimations,
    SUM(CASE WHEN e.decision_annonceur = 'acceptee' THEN 1 ELSE 0 END) AS acceptees,
    ROUND(
        100.0 * SUM(CASE WHEN e.decision_annonceur = 'acceptee' THEN 1 ELSE 0 END) 
        / COUNT(e.id_estimation), 
        1
    ) AS taux_acceptation_pct
FROM Utilisateur u
JOIN Estimation e ON u.id_user = e.id_expert
WHERE u.type_utilisateur = 'expert'
GROUP BY u.id_user, u.prenom, u.nom
HAVING COUNT(e.id_estimation) >= 5
ORDER BY taux_acceptation_pct DESC;

-- Requête 8
SELECT 
    c.nom AS categorie,
    COUNT(p.id_produit) AS nb_produits,
    ROUND(AVG(p.prix_souhaite), 2) AS prix_moyen_souhaite,
    MIN(p.prix_souhaite) AS prix_min,
    MAX(p.prix_souhaite) AS prix_max
FROM Categorie c
JOIN Produit p ON c.id_categorie = p.id_categorie
GROUP BY c.id_categorie, c.nom
ORDER BY nb_produits DESC;

-- Requête 9
WITH offre_max_par_annonce AS (
    SELECT 
        id_annonce,
        MAX(montant_offre) AS max_offre
    FROM Offre
    GROUP BY id_annonce
)
SELECT 
    a.id_annonce,
    p.titre,
    v.prix_final,
    om.max_offre,
    ROUND(100.0 * v.prix_final / om.max_offre, 1) AS rapport_pct
FROM Annonce a
JOIN Produit p ON a.id_produit = p.id_produit
JOIN Offre o ON a.id_annonce = o.id_annonce
JOIN Vente v ON o.id_offre = v.id_offre
JOIN offre_max_par_annonce om ON a.id_annonce = om.id_annonce
WHERE v.mode_conclusion = 'manuelle'
ORDER BY rapport_pct ASC;

-- Requête 10
SELECT
    c.nom AS categorie,
    COUNT(DISTINCT p.id_produit) AS nb_produits_total,
    COUNT(DISTINCT a.id_produit) AS nb_produits_annonces,
    ROUND(
        100.0 * COUNT(DISTINCT a.id_produit) / COUNT(DISTINCT p.id_produit), 
        1
    ) AS taux_publication_pct
FROM Categorie c
JOIN Produit p      ON c.id_categorie = p.id_categorie
LEFT JOIN Annonce a ON p.id_produit = a.id_produit
GROUP BY c.id_categorie, c.nom
ORDER BY taux_publication_pct DESC;